player,rating,club,year
Michael Lawrence,89,Huddersfield Giants,2020
Aidan Sezer,88,Huddersfield Giants,2020
Jermaine McGillvary,85,Huddersfield Giants,2020
Adam O'Brien,84,Huddersfield Giants,2020
Ashton Golding,84,Huddersfield Giants,2020
Jacob Wardle,84,Huddersfield Giants,2020
Joe Wardle,84,Huddersfield Giants,2020
Kenny Edwards,84,Huddersfield Giants,2020
Leroy Cudjoe,84,Huddersfield Giants,2020
Suaia Matagi,84,Huddersfield Giants,2020
Darnell McIntosh,83,Huddersfield Giants,2020
Lee Gaskell,83,Huddersfield Giants,2020
Matty English,83,Huddersfield Giants,2020
James Gavet,81,Huddersfield Giants,2020
Jordan Turner,80,Huddersfield Giants,2020
Sam Wood,80,Huddersfield Giants,2020
Tom Holmes,80,Huddersfield Giants,2020
Carlos Tuimavave,87,Hull FC,2020
Jake Connor,87,Hull FC,2020
Josh Griffin,87,Hull FC,2020
Ligi Sao,87,Hull FC,2020
Joe Cator,86,Hull FC,2020
Jordan Lane,85,Hull FC,2020
Bureta Faraimo,84,Hull FC,2020
Jamie Shaul,84,Hull FC,2020
Manu Ma'U,84,Hull FC,2020
Marc Sneyd,84,Hull FC,2020
Ratu Naulago,84,Hull FC,2020
Scott Taylor,84,Hull FC,2020
Danny Houghton,83,Hull FC,2020
Jordan Johnstone,83,Hull FC,2020
Brad Fash,82,Hull FC,2020
Tevita Satae,82,Hull FC,2020
Mahe Fonua,81,Hull FC,2020
Cameron Smith,90,Leeds Rhinos,2020
Ash Handley,88,Leeds Rhinos,2020
Rhyse Martin,88,Leeds Rhinos,2020
Mikolaj Oledzki,87,Leeds Rhinos,2020
Kruise Leeming,85,Leeds Rhinos,2020
Alex Mellor,84,Leeds Rhinos,2020
Ava Seumanufagai,84,Leeds Rhinos,2020
Jack Walker,84,Leeds Rhinos,2020
Konrad Hurrell,84,Leeds Rhinos,2020
Liam Sutcliffe,84,Leeds Rhinos,2020
Luke Briscoe,84,Leeds Rhinos,2020
Luke Gale,84,Leeds Rhinos,2020
Matt Prior,84,Leeds Rhinos,2020
Robert Lui,84,Leeds Rhinos,2020
Richard Myler,82,Leeds Rhinos,2020
Brad Dwyer,81,Leeds Rhinos,2020
James Donaldson,81,Leeds Rhinos,2020
Daryl Clark,91,Warrington Wolves,2020
Mike Cooper,89,Warrington Wolves,2020
Ben Currie,88,Warrington Wolves,2020
Blake Austin,88,Warrington Wolves,2020
Toby King,88,Warrington Wolves,2020
Chris Hill,85,Warrington Wolves,2020
Jack Hughes,85,Warrington Wolves,2020
Stefan Ratchford,85,Warrington Wolves,2020
Anthony Gelling,84,Warrington Wolves,2020
Gareth Widdop,84,Warrington Wolves,2020
Jason Clark,84,Warrington Wolves,2020
Josh Charnley,84,Warrington Wolves,2020
Tom Lineham,84,Warrington Wolves,2020
Ben Murdoch-Masila,82,Warrington Wolves,2020
Danny Walker,82,Warrington Wolves,2020
Joe Philbin,82,Warrington Wolves,2020
Matthew Ashton,82,Warrington Wolves,2020
Liam Farrell,92,Wigan Warriors,2020
Bevan French,90,Wigan Warriors,2020
Sam Powell,90,Wigan Warriors,2020
Jackson Hastings,89,Wigan Warriors,2020
Morgan Smithies,88,Wigan Warriors,2020
Sean O'Loughlin,86,Wigan Warriors,2020
Dominic Manfredi,85,Wigan Warriors,2020
Jake Bibby,85,Wigan Warriors,2020
Joe Burgess,85,Wigan Warriors,2020
Oliver Partington,85,Wigan Warriors,2020
Thomas Leuluai,85,Wigan Warriors,2020
Willie Isa,85,Wigan Warriors,2020
Zak Hardaker,85,Wigan Warriors,2020
Joe Bullock,84,Wigan Warriors,2020
Ethan Havard,83,Wigan Warriors,2020
Harry Smith,83,Wigan Warriors,2020
Liam Byrne,83,Wigan Warriors,2020
Luke Yates,88,Huddersfield Giants,2021
Chris McQueen,86,Huddersfield Giants,2021
Michael Lawrence,86,Huddersfield Giants,2021
Ashton Golding,84,Huddersfield Giants,2021
Jacob Wardle,84,Huddersfield Giants,2021
Jermaine McGillvary,84,Huddersfield Giants,2021
Josh Jones,84,Huddersfield Giants,2021
Nathan Peats,84,Huddersfield Giants,2021
Oliver Russell,84,Huddersfield Giants,2021
Jack Cogger,83,Huddersfield Giants,2021
James Gavet,83,Huddersfield Giants,2021
Louis Senior,83,Huddersfield Giants,2021
Ricky Leutele,83,Huddersfield Giants,2021
Matty English,82,Huddersfield Giants,2021
Owen Trout,82,Huddersfield Giants,2021
Joe Greenwood,81,Huddersfield Giants,2021
Sam Wood,80,Huddersfield Giants,2021
Jake Connor,87,Hull FC,2021
Carlos Tuimavave,85,Hull FC,2021
Josh Griffin,85,Hull FC,2021
Ligi Sao,85,Hull FC,2021
Adam Swift,84,Hull FC,2021
Andre Savelio,84,Hull FC,2021
Danny Houghton,84,Hull FC,2021
Jordan Lane,84,Hull FC,2021
Manu Ma'U,84,Hull FC,2021
Marc Sneyd,84,Hull FC,2021
Bureta Faraimo,83,Hull FC,2021
Josh Reynolds,83,Hull FC,2021
Brad Fash,82,Hull FC,2021
Jordan Johnstone,82,Hull FC,2021
Tevita Satae,82,Hull FC,2021
Cameron Scott,81,Hull FC,2021
Mahe Fonua,80,Hull FC,2021
Cameron Smith,86,Leeds Rhinos,2021
Mikolaj Oledzki,86,Leeds Rhinos,2021
Rhyse Martin,86,Leeds Rhinos,2021
Ash Handley,85,Leeds Rhinos,2021
Kruise Leeming,85,Leeds Rhinos,2021
Alex Mellor,84,Leeds Rhinos,2021
Harry Newman,84,Leeds Rhinos,2021
Liam Sutcliffe,84,Leeds Rhinos,2021
Luke Briscoe,84,Leeds Rhinos,2021
Luke Gale,84,Leeds Rhinos,2021
Matt Prior,84,Leeds Rhinos,2021
Tom Briscoe,84,Leeds Rhinos,2021
Zane Tetevano,84,Leeds Rhinos,2021
Richard Myler,83,Leeds Rhinos,2021
Bodene Thompson,81,Leeds Rhinos,2021
Brad Dwyer,81,Leeds Rhinos,2021
James Donaldson,81,Leeds Rhinos,2021
Daryl Clark,90,Warrington Wolves,2021
Ben Currie,86,Warrington Wolves,2021
Blake Austin,86,Warrington Wolves,2021
Mike Cooper,86,Warrington Wolves,2021
Toby King,86,Warrington Wolves,2021
Chris Hill,85,Warrington Wolves,2021
Jack Hughes,85,Warrington Wolves,2021
Gareth Widdop,84,Warrington Wolves,2021
Jake Mamo,84,Warrington Wolves,2021
Josh Charnley,84,Warrington Wolves,2021
Matt Davis,84,Warrington Wolves,2021
Stefan Ratchford,84,Warrington Wolves,2021
Tom Lineham,84,Warrington Wolves,2021
Jason Clark,83,Warrington Wolves,2021
Danny Walker,82,Warrington Wolves,2021
Joe Philbin,82,Warrington Wolves,2021
Robbie Mulhern,82,Warrington Wolves,2021
Liam Farrell,90,Wigan Warriors,2021
Sam Powell,87,Wigan Warriors,2021
Jackson Hastings,86,Wigan Warriors,2021
Willie Isa,85,Wigan Warriors,2021
Brad Singleton,84,Wigan Warriors,2021
Harry Smith,84,Wigan Warriors,2021
Jake Bibby,84,Wigan Warriors,2021
John Bateman,84,Wigan Warriors,2021
Liam Marshall,84,Wigan Warriors,2021
Oliver Gildart,84,Wigan Warriors,2021
Oliver Partington,84,Wigan Warriors,2021
Tony Clubb,84,Wigan Warriors,2021
Zak Hardaker,84,Wigan Warriors,2021
Liam Byrne,83,Wigan Warriors,2021
Ethan Havard,82,Wigan Warriors,2021
Joe Bullock,82,Wigan Warriors,2021
Joe Shorrocks,81,Wigan Warriors,2021
Théo Fages,88,Huddersfield Giants,2022
Tui Lolohea,88,Huddersfield Giants,2022
Chris McQueen,87,Huddersfield Giants,2022
Luke Yates,86,Huddersfield Giants,2022
Chris Hill,85,Huddersfield Giants,2022
Leroy Cudjoe,85,Huddersfield Giants,2022
Oliver Russell,85,Huddersfield Giants,2022
Danny Levi,84,Huddersfield Giants,2022
Innes Senior,84,Huddersfield Giants,2022
Jermaine McGillvary,84,Huddersfield Giants,2022
Josh Jones,84,Huddersfield Giants,2022
Owen Trout,84,Huddersfield Giants,2022
Ricky Leutele,84,Huddersfield Giants,2022
Ashton Golding,83,Huddersfield Giants,2022
Oliver Wilson,83,Huddersfield Giants,2022
Joe Greenwood,82,Huddersfield Giants,2022
Matty English,82,Huddersfield Giants,2022
Jake Connor,85,Hull FC,2022
Adam Swift,84,Hull FC,2022
Danny Houghton,84,Hull FC,2022
Jordan Lane,84,Hull FC,2022
Josh Griffin,84,Hull FC,2022
Kane Evans,84,Hull FC,2022
Ligi Sao,84,Hull FC,2022
Luke Gale,84,Hull FC,2022
Manu Ma'U,84,Hull FC,2022
Brad Fash,83,Hull FC,2022
Connor Wynne,83,Hull FC,2022
Darnell McIntosh,83,Hull FC,2022
Josh Reynolds,83,Hull FC,2022
Tevita Satae,82,Hull FC,2022
Jordan Johnstone,81,Hull FC,2022
Jack Brown,80,Hull FC,2022
Joe Lovodua,80,Hull FC,2022
Cameron Smith,86,Leeds Rhinos,2022
Kruise Leeming,85,Leeds Rhinos,2022
Mikolaj Oledzki,85,Leeds Rhinos,2022
Rhyse Martin,85,Leeds Rhinos,2022
Aidan Sezer,84,Leeds Rhinos,2022
Ash Handley,84,Leeds Rhinos,2022
Blake Austin,84,Leeds Rhinos,2022
David Fusitu'A,84,Leeds Rhinos,2022
James Bentley,84,Leeds Rhinos,2022
Jarrod O'Connor,84,Leeds Rhinos,2022
Liam Sutcliffe,84,Leeds Rhinos,2022
Matt Prior,84,Leeds Rhinos,2022
Richard Myler,84,Leeds Rhinos,2022
Zak Hardaker,84,Leeds Rhinos,2022
Brad Dwyer,81,Leeds Rhinos,2022
James Donaldson,81,Leeds Rhinos,2022
Morgan Gannon,81,Leeds Rhinos,2022
Jacob Miller,83,Wakefield Trinity,2022
Jai Whitbread,83,Wakefield Trinity,2022
James Batchelor,83,Wakefield Trinity,2022
Jay Pitts,83,Wakefield Trinity,2022
Liam Hood,83,Wakefield Trinity,2022
Mason Lino,83,Wakefield Trinity,2022
Mat Ashurst,83,Wakefield Trinity,2022
Max Jowitt,83,Wakefield Trinity,2022
Tinirau Arona,83,Wakefield Trinity,2022
Corey Hall,82,Wakefield Trinity,2022
Lewis Murphy,82,Wakefield Trinity,2022
Reece Lyne,82,Wakefield Trinity,2022
Tom Johnstone,82,Wakefield Trinity,2022
Jordan Crowther,81,Wakefield Trinity,2022
David Fifita,80,Wakefield Trinity,2022
Eddie Battye,80,Wakefield Trinity,2022
Kelepi Tanginoa,80,Wakefield Trinity,2022
Daryl Clark,86,Warrington Wolves,2022
George Williams,86,Warrington Wolves,2022
Toby King,85,Warrington Wolves,2022
Ben Currie,84,Warrington Wolves,2022
Mike Cooper,84,Warrington Wolves,2022
Stefan Ratchford,84,Warrington Wolves,2022
Jason Clark,83,Warrington Wolves,2022
Josh Charnley,83,Warrington Wolves,2022
Josh Thewlis,83,Warrington Wolves,2022
Matthew Ashton,83,Warrington Wolves,2022
Oliver Holmes,83,Warrington Wolves,2022
Peter Mata'Utia,83,Warrington Wolves,2022
Robbie Mulhern,83,Warrington Wolves,2022
Danny Walker,82,Warrington Wolves,2022
Joe Philbin,82,Warrington Wolves,2022
Connor Wrench,80,Warrington Wolves,2022
Joe Bullock,80,Warrington Wolves,2022
Bevan French,91,Wigan Warriors,2022
Jai Field,90,Wigan Warriors,2022
Liam Farrell,88,Wigan Warriors,2022
Harry Smith,86,Wigan Warriors,2022
Sam Powell,86,Wigan Warriors,2022
Brad Singleton,85,Wigan Warriors,2022
Cade Cust,85,Wigan Warriors,2022
Jake Bibby,85,Wigan Warriors,2022
John Bateman,85,Wigan Warriors,2022
Kai Pearce-Paul,85,Wigan Warriors,2022
Liam Byrne,85,Wigan Warriors,2022
Liam Marshall,85,Wigan Warriors,2022
Morgan Smithies,85,Wigan Warriors,2022
Ethan Havard,83,Wigan Warriors,2022
Kaide Ellis,83,Wigan Warriors,2022
Oliver Partington,83,Wigan Warriors,2022
Patrick Mago,82,Wigan Warriors,2022
Chris McQueen,86,Huddersfield Giants,2023
Tui Lolohea,85,Huddersfield Giants,2023
Chris Hill,84,Huddersfield Giants,2023
Jake Connor,84,Huddersfield Giants,2023
Leroy Cudjoe,84,Huddersfield Giants,2023
Luke Yates,84,Huddersfield Giants,2023
Nathan Peats,84,Huddersfield Giants,2023
Esan Marsters,83,Huddersfield Giants,2023
Jermaine McGillvary,83,Huddersfield Giants,2023
Kevin Naiqama,83,Huddersfield Giants,2023
Oliver Wilson,83,Huddersfield Giants,2023
Sam Halsall,83,Huddersfield Giants,2023
Will Pryce,83,Huddersfield Giants,2023
Joe Greenwood,82,Huddersfield Giants,2023
Matty English,81,Huddersfield Giants,2023
Sam Hewitt,81,Huddersfield Giants,2023
Sebastine Ikahihifo,80,Huddersfield Giants,2023
Adam Swift,84,Hull FC,2023
Danny Houghton,84,Hull FC,2023
Jordan Lane,84,Hull FC,2023
Josh Griffin,84,Hull FC,2023
Brad Fash,83,Hull FC,2023
Carlos Tuimavave,83,Hull FC,2023
Darnell McIntosh,83,Hull FC,2023
Jacob Trueman,83,Hull FC,2023
Jake Clifford,83,Hull FC,2023
Joe Cator,83,Hull FC,2023
Liam Sutcliffe,83,Hull FC,2023
Scott Taylor,83,Hull FC,2023
Tex Hoy,83,Hull FC,2023
Brad Dwyer,80,Hull FC,2023
Cameron Scott,80,Hull FC,2023
Joe Lovodua,80,Hull FC,2023
Tevita Satae,80,Hull FC,2023
Cameron Smith,89,Leeds Rhinos,2023
Jarrod O'Connor,87,Leeds Rhinos,2023
Aidan Sezer,84,Leeds Rhinos,2023
Ash Handley,84,Leeds Rhinos,2023
Blake Austin,84,Leeds Rhinos,2023
James McDonnell,84,Leeds Rhinos,2023
Mikolaj Oledzki,84,Leeds Rhinos,2023
Rhyse Martin,84,Leeds Rhinos,2023
Richard Myler,84,Leeds Rhinos,2023
Tom Holroyd,84,Leeds Rhinos,2023
David Fusitu'A,83,Leeds Rhinos,2023
Harry Newman,83,Leeds Rhinos,2023
James Bentley,83,Leeds Rhinos,2023
James Donaldson,81,Leeds Rhinos,2023
Justin Sangaré,81,Leeds Rhinos,2023
Sam Lisone,81,Leeds Rhinos,2023
Corey Johnson,80,Leeds Rhinos,2023
Jai Whitbread,83,Wakefield Trinity,2023
Jay Pitts,83,Wakefield Trinity,2023
Josh Bowden,83,Wakefield Trinity,2023
Liam Hood,83,Wakefield Trinity,2023
Mason Lino,83,Wakefield Trinity,2023
Mat Ashurst,83,Wakefield Trinity,2023
Max Jowitt,83,Wakefield Trinity,2023
Morgan Smith,83,Wakefield Trinity,2023
Tom Lineham,83,Wakefield Trinity,2023
Jordan Crowther,82,Wakefield Trinity,2023
Lee Kershaw,82,Wakefield Trinity,2023
Reece Lyne,82,Wakefield Trinity,2023
Samisoni Langi,82,Wakefield Trinity,2023
Eddie Battye,80,Wakefield Trinity,2023
Kevin Proctor,80,Wakefield Trinity,2023
Liam Kay,80,Wakefield Trinity,2023
Renouf Atoni,80,Wakefield Trinity,2023
George Williams,89,Warrington Wolves,2023
Paul Vaughan,89,Warrington Wolves,2023
Matt Dufty,86,Warrington Wolves,2023
Ben Currie,85,Warrington Wolves,2023
Danny Walker,84,Warrington Wolves,2023
James Harrison,84,Warrington Wolves,2023
Josh Drinkwater,84,Warrington Wolves,2023
Josh Thewlis,84,Warrington Wolves,2023
Matthew Ashton,84,Warrington Wolves,2023
Matty Nicholson,84,Warrington Wolves,2023
Stefan Ratchford,84,Warrington Wolves,2023
Thomas Mikaele,84,Warrington Wolves,2023
Peter Mata'Utia,83,Warrington Wolves,2023
Daryl Clark,82,Warrington Wolves,2023
Joe Philbin,82,Warrington Wolves,2023
Joe Bullock,81,Warrington Wolves,2023
Sam Kasiano,81,Warrington Wolves,2023
Bevan French,91,Wigan Warriors,2023
Harry Smith,89,Wigan Warriors,2023
Liam Farrell,89,Wigan Warriors,2023
Jai Field,87,Wigan Warriors,2023
Toby King,87,Wigan Warriors,2023
Jacob Wardle,86,Wigan Warriors,2023
Liam Marshall,86,Wigan Warriors,2023
Morgan Smithies,86,Wigan Warriors,2023
Abbas Miski,85,Wigan Warriors,2023
Kai Pearce-Paul,85,Wigan Warriors,2023
Kaide Ellis,85,Wigan Warriors,2023
Liam Byrne,85,Wigan Warriors,2023
Sam Powell,85,Wigan Warriors,2023
Bradley O'Neill,84,Wigan Warriors,2023
Ethan Havard,84,Wigan Warriors,2023
Patrick Mago,83,Wigan Warriors,2023
Joe Shorrocks,82,Wigan Warriors,2023
Adam Swift,86,Huddersfield Giants,2024
Jake Connor,85,Huddersfield Giants,2024
Adam Milner,84,Huddersfield Giants,2024
Chris Hill,84,Huddersfield Giants,2024
Harry Rushton,84,Huddersfield Giants,2024
Leroy Cudjoe,84,Huddersfield Giants,2024
Tui Lolohea,84,Huddersfield Giants,2024
Adam Clune,83,Huddersfield Giants,2024
Elliot Wallis,83,Huddersfield Giants,2024
Esan Marsters,83,Huddersfield Giants,2024
Joe Greenwood,83,Huddersfield Giants,2024
Kevin Naiqama,83,Huddersfield Giants,2024
Oliver Wilson,83,Huddersfield Giants,2024
Sam Hewitt,83,Huddersfield Giants,2024
Ashton Golding,81,Huddersfield Giants,2024
Oliver Russell,81,Huddersfield Giants,2024
Sebastine Ikahihifo,80,Huddersfield Giants,2024
Herman Ese'Ese,90,Hull FC,2024
Danny Houghton,84,Hull FC,2024
Jordan Lane,84,Hull FC,2024
Carlos Tuimavave,83,Hull FC,2024
Jack Charles,83,Hull FC,2024
Jayden Okunbor,83,Hull FC,2024
Liam Sutcliffe,83,Hull FC,2024
Ligi Sao,83,Hull FC,2024
Logan Moy,83,Hull FC,2024
Morgan Smith,83,Hull FC,2024
Yusuf Aydin,83,Hull FC,2024
Brad Fash,82,Hull FC,2024
Harvey Barron,82,Hull FC,2024
Lewis Martin,82,Hull FC,2024
Jack Ashworth,81,Hull FC,2024
Denive Balmforth,80,Hull FC,2024
Will Gardiner,80,Hull FC,2024
Cameron Smith,87,Leeds Rhinos,2024
James McDonnell,85,Leeds Rhinos,2024
Jarrod O'Connor,85,Leeds Rhinos,2024
Lachlan Miller,85,Leeds Rhinos,2024
Andy Ackers,84,Leeds Rhinos,2024
Ash Handley,84,Leeds Rhinos,2024
Brodie Croft,84,Leeds Rhinos,2024
Mikolaj Oledzki,84,Leeds Rhinos,2024
Rhyse Martin,84,Leeds Rhinos,2024
David Fusitu'A,83,Leeds Rhinos,2024
Harry Newman,83,Leeds Rhinos,2024
Justin Sangaré,83,Leeds Rhinos,2024
Matt Frawley,83,Leeds Rhinos,2024
Paul Momirovski,83,Leeds Rhinos,2024
James Bentley,82,Leeds Rhinos,2024
Sam Lisone,81,Leeds Rhinos,2024
Mickaël Goudemand,80,Leeds Rhinos,2024
George Williams,90,Warrington Wolves,2024
Matt Dufty,87,Warrington Wolves,2024
Paul Vaughan,86,Warrington Wolves,2024
Toby King,86,Warrington Wolves,2024
Ben Currie,85,Warrington Wolves,2024
Danny Walker,85,Warrington Wolves,2024
James Harrison,84,Warrington Wolves,2024
Josh Drinkwater,84,Warrington Wolves,2024
Josh Thewlis,84,Warrington Wolves,2024
Lachlan Fitzgibbon,84,Warrington Wolves,2024
Matthew Ashton,84,Warrington Wolves,2024
Matty Nicholson,84,Warrington Wolves,2024
Rodrick Tai,84,Warrington Wolves,2024
Sam Powell,83,Warrington Wolves,2024
Joe Philbin,82,Warrington Wolves,2024
Jordan Crowther,82,Warrington Wolves,2024
Zane Musgrove,82,Warrington Wolves,2024
Bevan French,91,Wigan Warriors,2024
Junior Nsemba,89,Wigan Warriors,2024
Harry Smith,87,Wigan Warriors,2024
Liam Farrell,87,Wigan Warriors,2024
Jacob Wardle,86,Wigan Warriors,2024
Jai Field,86,Wigan Warriors,2024
Kaide Ellis,86,Wigan Warriors,2024
Liam Marshall,86,Wigan Warriors,2024
Luke Thompson,86,Wigan Warriors,2024
Abbas Miski,85,Wigan Warriors,2024
Adam Keighran,85,Wigan Warriors,2024
Bradley O'Neill,85,Wigan Warriors,2024
Ethan Havard,85,Wigan Warriors,2024
Liam Byrne,84,Wigan Warriors,2024
Kruise Leeming,83,Wigan Warriors,2024
Patrick Mago,83,Wigan Warriors,2024
Tyler Dupree,82,Wigan Warriors,2024
Zac Woolford,87,Huddersfield Giants,2025
Adam Swift,85,Huddersfield Giants,2025
Oliver Wilson,85,Huddersfield Giants,2025
Joe Greenwood,84,Huddersfield Giants,2025
Leroy Cudjoe,84,Huddersfield Giants,2025
George Flanagan Jr,83,Huddersfield Giants,2025
Harry Rushton,83,Huddersfield Giants,2025
Jake Bibby,83,Huddersfield Giants,2025
Matt Frawley,83,Huddersfield Giants,2025
Tristan Powell,83,Huddersfield Giants,2025
Tui Lolohea,83,Huddersfield Giants,2025
Sam Halsall,82,Huddersfield Giants,2025
Taane Milne,82,Huddersfield Giants,2025
Ashton Golding,81,Huddersfield Giants,2025
Matty English,81,Huddersfield Giants,2025
Kieran Rush,80,Huddersfield Giants,2025
Thomas Burgess,80,Huddersfield Giants,2025
Herman Ese'Ese,90,Hull FC,2025
Will Pryce,87,Hull FC,2025
Aidan Sezer,84,Hull FC,2025
Amir Bourouh,84,Hull FC,2025
Ed Chamberlain,84,Hull FC,2025
John Asiata,84,Hull FC,2025
Jordan Lane,84,Hull FC,2025
Liam Knight,84,Hull FC,2025
Yusuf Aydin,84,Hull FC,2025
Cade Cust,83,Hull FC,2025
Davy Litten,83,Hull FC,2025
Harvey Barron,83,Hull FC,2025
Lewis Martin,83,Hull FC,2025
Tom Briscoe,83,Hull FC,2025
Jack Ashworth,82,Hull FC,2025
Brad Fash,81,Hull FC,2025
Sam Eseh,80,Hull FC,2025
Kallum Watkins,88,Leeds Rhinos,2025
Lachlan Miller,88,Leeds Rhinos,2025
James McDonnell,87,Leeds Rhinos,2025
Ash Handley,86,Leeds Rhinos,2025
Brodie Croft,86,Leeds Rhinos,2025
Jake Connor,86,Leeds Rhinos,2025
Jarrod O'Connor,86,Leeds Rhinos,2025
Mikolaj Oledzki,85,Leeds Rhinos,2025
Cooper Jenkins,84,Leeds Rhinos,2025
Harry Newman,84,Leeds Rhinos,2025
Morgan Gannon,84,Leeds Rhinos,2025
Riley Lumb,84,Leeds Rhinos,2025
Ryan Hall,84,Leeds Rhinos,2025
James Bentley,81,Leeds Rhinos,2025
Keenan Palasia,81,Leeds Rhinos,2025
Sam Lisone,81,Leeds Rhinos,2025
Tom Holroyd,81,Leeds Rhinos,2025
Ethan O'Neill,87,Leigh Leopards,2025
Umyla Hanley,87,Leigh Leopards,2025
Edwin Ipape,86,Leigh Leopards,2025
Isaac Liu,85,Leigh Leopards,2025
Lachlan Lam,85,Leigh Leopards,2025
Owen Trout,85,Leigh Leopards,2025
Robbie Mulhern,85,Leigh Leopards,2025
Bailey Hodgson,84,Leigh Leopards,2025
Frankie Halton,84,Leigh Leopards,2025
Gareth O'Brien,84,Leigh Leopards,2025
Josh Charnley,84,Leigh Leopards,2025
Keanan Brand,84,Leigh Leopards,2025
Tesi Niu,84,Leigh Leopards,2025
Alec Tuitavake,82,Leigh Leopards,2025
Jack Hughes,82,Leigh Leopards,2025
Joe Ofahengaue,82,Leigh Leopards,2025
Matt Davis,82,Leigh Leopards,2025
Mike McMeeken,88,Wakefield Trinity,2025
Jay Pitts,87,Wakefield Trinity,2025
Josh Griffin,85,Wakefield Trinity,2025
Mason Lino,85,Wakefield Trinity,2025
Tom Johnstone,85,Wakefield Trinity,2025
Caius Faatili,84,Wakefield Trinity,2025
Corey Hall,84,Wakefield Trinity,2025
Isaiah Vagana,84,Wakefield Trinity,2025
Jacob Trueman,84,Wakefield Trinity,2025
Lachlan Walmsley,84,Wakefield Trinity,2025
Liam Hood,84,Wakefield Trinity,2025
Matthew Storton,84,Wakefield Trinity,2025
Max Jowitt,84,Wakefield Trinity,2025
Oliver Pratt,84,Wakefield Trinity,2025
Cameron Scott,81,Wakefield Trinity,2025
Harvey Smith,81,Wakefield Trinity,2025
Renouf Atoni,81,Wakefield Trinity,2025
George Williams,88,Warrington Wolves,2025
Ben Currie,86,Warrington Wolves,2025
Danny Walker,86,Warrington Wolves,2025
Luke Yates,86,Warrington Wolves,2025
Matt Dufty,86,Warrington Wolves,2025
Adam Holroyd,84,Warrington Wolves,2025
Josh Thewlis,84,Warrington Wolves,2025
Lachlan Fitzgibbon,84,Warrington Wolves,2025
Marc Sneyd,84,Warrington Wolves,2025
Paul Vaughan,84,Warrington Wolves,2025
Toby King,84,Warrington Wolves,2025
Jake Thewlis,83,Warrington Wolves,2025
Rodrick Tai,83,Warrington Wolves,2025
James Harrison,82,Warrington Wolves,2025
Joe Philbin,81,Warrington Wolves,2025
Jordan Crowther,81,Warrington Wolves,2025
Sam Powell,81,Warrington Wolves,2025
Bevan French,89,Wigan Warriors,2025
Junior Nsemba,88,Wigan Warriors,2025
Kaide Ellis,88,Wigan Warriors,2025
Jai Field,87,Wigan Warriors,2025
Liam Farrell,87,Wigan Warriors,2025
Harry Smith,86,Wigan Warriors,2025
Bradley O'Neill,85,Wigan Warriors,2025
Jacob Wardle,85,Wigan Warriors,2025
Liam Byrne,85,Wigan Warriors,2025
Liam Marshall,85,Wigan Warriors,2025
Luke Thompson,85,Wigan Warriors,2025
Adam Keighran,84,Wigan Warriors,2025
Kruise Leeming,83,Wigan Warriors,2025
Zach Eckersley,83,Wigan Warriors,2025
Patrick Mago,82,Wigan Warriors,2025
Sam Walters,82,Wigan Warriors,2025
Tyler Dupree,82,Wigan Warriors,2025
